product_id,category,code,filename,source_page,duplicate_code,note
carteras_miyuki-001,Cartera Miyuki,001,carteras_miyuki/CITRIA_Cartera_Miyuki_001.jpg,4,False,
carteras_miyuki-002,Cartera Miyuki,002,carteras_miyuki/CITRIA_Cartera_Miyuki_002.jpg,4,False,
carteras_miyuki-003,Cartera Miyuki,003,carteras_miyuki/CITRIA_Cartera_Miyuki_003.jpg,4,False,
carteras_miyuki-004,Cartera Miyuki,004,carteras_miyuki/CITRIA_Cartera_Miyuki_004.jpg,4,False,
carteras_miyuki-005,Cartera Miyuki,005,carteras_miyuki/CITRIA_Cartera_Miyuki_005.jpg,5,False,
carteras_miyuki-007,Cartera Miyuki,007,carteras_miyuki/CITRIA_Cartera_Miyuki_007.jpg,5,False,
carteras_miyuki-009,Cartera Miyuki,009,carteras_miyuki/CITRIA_Cartera_Miyuki_009.jpg,5,False,
carteras_miyuki-008,Cartera Miyuki,008,carteras_miyuki/CITRIA_Cartera_Miyuki_008.jpg,5,False,
carteras_miyuki-010,Cartera Miyuki,010,carteras_miyuki/CITRIA_Cartera_Miyuki_010.jpg,5,False,
carteras_miyuki-006,Cartera Miyuki,006,carteras_miyuki/CITRIA_Cartera_Miyuki_006.jpg,5,False,
carteras_miyuki-011,Cartera Miyuki,011,carteras_miyuki/CITRIA_Cartera_Miyuki_011.jpg,6,False,
carteras_miyuki-012,Cartera Miyuki,012,carteras_miyuki/CITRIA_Cartera_Miyuki_012.jpg,6,False,
carteras_miyuki-014,Cartera Miyuki,014,carteras_miyuki/CITRIA_Cartera_Miyuki_014.jpg,6,False,
carteras_miyuki-015,Cartera Miyuki,015,carteras_miyuki/CITRIA_Cartera_Miyuki_015.jpg,6,False,
carteras_miyuki-013,Cartera Miyuki,013,carteras_miyuki/CITRIA_Cartera_Miyuki_013.jpg,6,False,
carteras_miyuki-016,Cartera Miyuki,016,carteras_miyuki/CITRIA_Cartera_Miyuki_016.jpg,6,False,
carteras_miyuki-017,Cartera Miyuki,017,carteras_miyuki/CITRIA_Cartera_Miyuki_017.jpg,7,False,
carteras_miyuki-018,Cartera Miyuki,018,carteras_miyuki/CITRIA_Cartera_Miyuki_018.jpg,7,False,
carteras_miyuki-019,Cartera Miyuki,019,carteras_miyuki/CITRIA_Cartera_Miyuki_019.jpg,7,False,
carteras_miyuki-021,Cartera Miyuki,021,carteras_miyuki/CITRIA_Cartera_Miyuki_021.jpg,7,False,
carteras_miyuki-022,Cartera Miyuki,022,carteras_miyuki/CITRIA_Cartera_Miyuki_022.jpg,7,False,
carteras_miyuki-020,Cartera Miyuki,020,carteras_miyuki/CITRIA_Cartera_Miyuki_020.jpg,7,False,
carteras_miyuki-023,Cartera Miyuki,023,carteras_miyuki/CITRIA_Cartera_Miyuki_023.jpg,8,False,
carteras_miyuki-025,Cartera Miyuki,025,carteras_miyuki/CITRIA_Cartera_Miyuki_025.jpg,8,False,
carteras_miyuki-027,Cartera Miyuki,027,carteras_miyuki/CITRIA_Cartera_Miyuki_027.jpg,8,False,
carteras_miyuki-028,Cartera Miyuki,028,carteras_miyuki/CITRIA_Cartera_Miyuki_028.jpg,8,False,
carteras_miyuki-026,Cartera Miyuki,026,carteras_miyuki/CITRIA_Cartera_Miyuki_026.jpg,8,False,
carteras_miyuki-024,Cartera Miyuki,024,carteras_miyuki/CITRIA_Cartera_Miyuki_024.jpg,8,False,
carteras_miyuki-029,Cartera Miyuki,029,carteras_miyuki/CITRIA_Cartera_Miyuki_029.jpg,9,False,
carteras_miyuki-030,Cartera Miyuki,030,carteras_miyuki/CITRIA_Cartera_Miyuki_030.jpg,9,False,
carteras_miyuki-031,Cartera Miyuki,031,carteras_miyuki/CITRIA_Cartera_Miyuki_031.jpg,9,False,
carteras_miyuki-032,Cartera Miyuki,032,carteras_miyuki/CITRIA_Cartera_Miyuki_032.jpg,9,False,
carteras_miyuki-034,Cartera Miyuki,034,carteras_miyuki/CITRIA_Cartera_Miyuki_034.jpg,9,False,
carteras_miyuki-033,Cartera Miyuki,033,carteras_miyuki/CITRIA_Cartera_Miyuki_033.jpg,9,False,
carteras_miyuki-035,Cartera Miyuki,035,carteras_miyuki/CITRIA_Cartera_Miyuki_035.jpg,10,False,
carteras_miyuki-037,Cartera Miyuki,037,carteras_miyuki/CITRIA_Cartera_Miyuki_037.jpg,10,False,
carteras_miyuki-039,Cartera Miyuki,039,carteras_miyuki/CITRIA_Cartera_Miyuki_039.jpg,10,False,
carteras_miyuki-040,Cartera Miyuki,040,carteras_miyuki/CITRIA_Cartera_Miyuki_040.jpg,10,False,
carteras_miyuki-038,Cartera Miyuki,038,carteras_miyuki/CITRIA_Cartera_Miyuki_038.jpg,10,False,
carteras_miyuki-036,Cartera Miyuki,036,carteras_miyuki/CITRIA_Cartera_Miyuki_036.jpg,10,False,
carteras_miyuki-041,Cartera Miyuki,041,carteras_miyuki/CITRIA_Cartera_Miyuki_041.jpg,11,False,
carteras_miyuki-043,Cartera Miyuki,043,carteras_miyuki/CITRIA_Cartera_Miyuki_043.jpg,11,False,
carteras_miyuki-045,Cartera Miyuki,045,carteras_miyuki/CITRIA_Cartera_Miyuki_045.jpg,11,False,
carteras_miyuki-046,Cartera Miyuki,046,carteras_miyuki/CITRIA_Cartera_Miyuki_046.jpg,11,False,
carteras_miyuki-044,Cartera Miyuki,044,carteras_miyuki/CITRIA_Cartera_Miyuki_044.jpg,11,False,
carteras_miyuki-042,Cartera Miyuki,042,carteras_miyuki/CITRIA_Cartera_Miyuki_042.jpg,11,False,
carteras_miyuki-047,Cartera Miyuki,047,carteras_miyuki/CITRIA_Cartera_Miyuki_047.jpg,12,False,
carteras_miyuki-049,Cartera Miyuki,049,carteras_miyuki/CITRIA_Cartera_Miyuki_049.jpg,12,False,
carteras_miyuki-048,Cartera Miyuki,048,carteras_miyuki/CITRIA_Cartera_Miyuki_048.jpg,12,False,
bandoleros_miyuki-050,Bandolero Miyuki,050,bandoleros_miyuki/CITRIA_Bandolero_Miyuki_050.jpg,14,False,
bandoleros_miyuki-051,Bandolero Miyuki,051,bandoleros_miyuki/CITRIA_Bandolero_Miyuki_051.jpg,14,False,
bandoleros_miyuki-052,Bandolero Miyuki,052,bandoleros_miyuki/CITRIA_Bandolero_Miyuki_052.jpg,14,False,
bandoleros_miyuki-053,Bandolero Miyuki,053,bandoleros_miyuki/CITRIA_Bandolero_Miyuki_053.jpg,14,False,
bandoleros_miyuki-054,Bandolero Miyuki,054,bandoleros_miyuki/CITRIA_Bandolero_Miyuki_054.jpg,15,False,
bandoleros_miyuki-055,Bandolero Miyuki,055,bandoleros_miyuki/CITRIA_Bandolero_Miyuki_055.jpg,15,False,
bandoleros_miyuki-056,Bandolero Miyuki,056,bandoleros_miyuki/CITRIA_Bandolero_Miyuki_056.jpg,15,False,
bandoleros_miyuki-057,Bandolero Miyuki,057,bandoleros_miyuki/CITRIA_Bandolero_Miyuki_057.jpg,15,False,
bandoleros_miyuki-058,Bandolero Miyuki,058,bandoleros_miyuki/CITRIA_Bandolero_Miyuki_058.jpg,15,False,
bandoleros_miyuki-059,Bandolero Miyuki,059,bandoleros_miyuki/CITRIA_Bandolero_Miyuki_059.jpg,15,False,
bandoleros_miyuki-060,Bandolero Miyuki,060,bandoleros_miyuki/CITRIA_Bandolero_Miyuki_060.jpg,16,False,
bandoleros_miyuki-061,Bandolero Miyuki,061,bandoleros_miyuki/CITRIA_Bandolero_Miyuki_061.jpg,16,False,
bandoleros_miyuki-062,Bandolero Miyuki,062,bandoleros_miyuki/CITRIA_Bandolero_Miyuki_062.jpg,16,False,
bandoleros_miyuki-065,Bandolero Miyuki,065,bandoleros_miyuki/CITRIA_Bandolero_Miyuki_065.jpg,16,False,
bandoleros_miyuki-064,Bandolero Miyuki,064,bandoleros_miyuki/CITRIA_Bandolero_Miyuki_064.jpg,16,False,
bandoleros_miyuki-063,Bandolero Miyuki,063,bandoleros_miyuki/CITRIA_Bandolero_Miyuki_063.jpg,16,False,
bandoleros_miyuki-066,Bandolero Miyuki,066,bandoleros_miyuki/CITRIA_Bandolero_Miyuki_066.jpg,17,False,
bandoleros_miyuki-067,Bandolero Miyuki,067,bandoleros_miyuki/CITRIA_Bandolero_Miyuki_067.jpg,17,False,
bandoleros_miyuki-068,Bandolero Miyuki,068,bandoleros_miyuki/CITRIA_Bandolero_Miyuki_068.jpg,17,False,
bandoleros_miyuki-069,Bandolero Miyuki,069,bandoleros_miyuki/CITRIA_Bandolero_Miyuki_069.jpg,17,False,
bandoleros_miyuki-071,Bandolero Miyuki,071,bandoleros_miyuki/CITRIA_Bandolero_Miyuki_071.jpg,17,False,
bandoleros_miyuki-070,Bandolero Miyuki,070,bandoleros_miyuki/CITRIA_Bandolero_Miyuki_070.jpg,17,False,
bandoleros_miyuki-072,Bandolero Miyuki,072,bandoleros_miyuki/CITRIA_Bandolero_Miyuki_072.jpg,18,False,
bandoleros_miyuki-072_b,Bandolero Miyuki,072,bandoleros_miyuki/CITRIA_Bandolero_Miyuki_072_B.jpg,18,True,Source code duplicated in catalog.
bandoleros_miyuki-073,Bandolero Miyuki,073,bandoleros_miyuki/CITRIA_Bandolero_Miyuki_073.jpg,18,False,
bandoleros_miyuki-074,Bandolero Miyuki,074,bandoleros_miyuki/CITRIA_Bandolero_Miyuki_074.jpg,18,False,
bandoleros_miyuki-075,Bandolero Miyuki,075,bandoleros_miyuki/CITRIA_Bandolero_Miyuki_075.jpg,18,False,
bandoleros_miyuki-076,Bandolero Miyuki,076,bandoleros_miyuki/CITRIA_Bandolero_Miyuki_076.jpg,18,False,
bandoleros_miyuki-077,Bandolero Miyuki,077,bandoleros_miyuki/CITRIA_Bandolero_Miyuki_077.jpg,19,False,
bandoleros_miyuki-078,Bandolero Miyuki,078,bandoleros_miyuki/CITRIA_Bandolero_Miyuki_078.jpg,19,False,
bandoleros_miyuki-080,Bandolero Miyuki,080,bandoleros_miyuki/CITRIA_Bandolero_Miyuki_080.jpg,19,False,
bandoleros_miyuki-082,Bandolero Miyuki,082,bandoleros_miyuki/CITRIA_Bandolero_Miyuki_082.jpg,19,False,
bandoleros_miyuki-081,Bandolero Miyuki,081,bandoleros_miyuki/CITRIA_Bandolero_Miyuki_081.jpg,19,False,
bandoleros_miyuki-079,Bandolero Miyuki,079,bandoleros_miyuki/CITRIA_Bandolero_Miyuki_079.jpg,19,False,
lentes_oval-083,Lente Oval,083,lentes_oval/CITRIA_Lente_Oval_083.jpg,20,False,
lentes_oval-085,Lente Oval,085,lentes_oval/CITRIA_Lente_Oval_085.jpg,20,False,
lentes_oval-087,Lente Oval,087,lentes_oval/CITRIA_Lente_Oval_087.jpg,20,False,
lentes_oval-089,Lente Oval,089,lentes_oval/CITRIA_Lente_Oval_089.jpg,20,False,
lentes_oval-091,Lente Oval,091,lentes_oval/CITRIA_Lente_Oval_091.jpg,20,False,
lentes_oval-093,Lente Oval,093,lentes_oval/CITRIA_Lente_Oval_093.jpg,20,False,
lentes_oval-094,Lente Oval,094,lentes_oval/CITRIA_Lente_Oval_094.jpg,20,False,
lentes_oval-092,Lente Oval,092,lentes_oval/CITRIA_Lente_Oval_092.jpg,20,False,
lentes_oval-090,Lente Oval,090,lentes_oval/CITRIA_Lente_Oval_090.jpg,20,False,
lentes_oval-088,Lente Oval,088,lentes_oval/CITRIA_Lente_Oval_088.jpg,20,False,
lentes_oval-086,Lente Oval,086,lentes_oval/CITRIA_Lente_Oval_086.jpg,20,False,
lentes_oval-084,Lente Oval,084,lentes_oval/CITRIA_Lente_Oval_084.jpg,20,False,
lentes_oval-095,Lente Oval,095,lentes_oval/CITRIA_Lente_Oval_095.jpg,21,False,
lentes_oval-097,Lente Oval,097,lentes_oval/CITRIA_Lente_Oval_097.jpg,21,False,
lentes_oval-099,Lente Oval,099,lentes_oval/CITRIA_Lente_Oval_099.jpg,21,False,
lentes_oval-101,Lente Oval,101,lentes_oval/CITRIA_Lente_Oval_101.jpg,21,False,
lentes_oval-103,Lente Oval,103,lentes_oval/CITRIA_Lente_Oval_103.jpg,21,False,
lentes_oval-105,Lente Oval,105,lentes_oval/CITRIA_Lente_Oval_105.jpg,21,False,
lentes_oval-107,Lente Oval,107,lentes_oval/CITRIA_Lente_Oval_107.jpg,21,False,
lentes_oval-108,Lente Oval,108,lentes_oval/CITRIA_Lente_Oval_108.jpg,21,False,
lentes_oval-106,Lente Oval,106,lentes_oval/CITRIA_Lente_Oval_106.jpg,21,False,
lentes_oval-104,Lente Oval,104,lentes_oval/CITRIA_Lente_Oval_104.jpg,21,False,
lentes_oval-102,Lente Oval,102,lentes_oval/CITRIA_Lente_Oval_102.jpg,21,False,
lentes_oval-100,Lente Oval,100,lentes_oval/CITRIA_Lente_Oval_100.jpg,21,False,
lentes_oval-098,Lente Oval,098,lentes_oval/CITRIA_Lente_Oval_098.jpg,21,False,
lentes_oval-096,Lente Oval,096,lentes_oval/CITRIA_Lente_Oval_096.jpg,21,False,
phone_cases-109,Phone Case,109,phone_cases/CITRIA_Phone_Case_109.jpg,22,False,
phone_cases-110,Phone Case,110,phone_cases/CITRIA_Phone_Case_110.jpg,22,False,
phone_cases-111,Phone Case,111,phone_cases/CITRIA_Phone_Case_111.jpg,22,False,
phone_cases-112,Phone Case,112,phone_cases/CITRIA_Phone_Case_112.jpg,22,False,
phone_cases-113,Phone Case,113,phone_cases/CITRIA_Phone_Case_113.jpg,22,False,
phone_cases-114,Phone Case,114,phone_cases/CITRIA_Phone_Case_114.jpg,22,False,
phone_cases-115,Phone Case,115,phone_cases/CITRIA_Phone_Case_115.jpg,22,False,
phone_cases-116,Phone Case,116,phone_cases/CITRIA_Phone_Case_116.jpg,22,False,
phone_cases-117,Phone Case,117,phone_cases/CITRIA_Phone_Case_117.jpg,22,False,
phone_cases-118,Phone Case,118,phone_cases/CITRIA_Phone_Case_118.jpg,23,False,
phone_cases-119,Phone Case,119,phone_cases/CITRIA_Phone_Case_119.jpg,23,False,
phone_cases-120,Phone Case,120,phone_cases/CITRIA_Phone_Case_120.jpg,23,False,
phone_cases-121,Phone Case,121,phone_cases/CITRIA_Phone_Case_121.jpg,23,False,
phone_cases-122,Phone Case,122,phone_cases/CITRIA_Phone_Case_122.jpg,23,False,
phone_cases-123,Phone Case,123,phone_cases/CITRIA_Phone_Case_123.jpg,23,False,
phone_cases-124,Phone Case,124,phone_cases/CITRIA_Phone_Case_124.jpg,23,False,
phone_cases-125,Phone Case,125,phone_cases/CITRIA_Phone_Case_125.jpg,23,False,
phone_cases-126,Phone Case,126,phone_cases/CITRIA_Phone_Case_126.jpg,23,False,
batas_de_bano-127,Bata de Baño,127,batas_de_bano/CITRIA_Bata_de_Bano_127.jpg,24,False,
batas_de_bano-128,Bata de Baño,128,batas_de_bano/CITRIA_Bata_de_Bano_128.jpg,24,False,
batas_de_bano-128_b,Bata de Baño,128,batas_de_bano/CITRIA_Bata_de_Bano_128_B.jpg,24,True,Source code duplicated in catalog.
batas_de_bano-129,Bata de Baño,129,batas_de_bano/CITRIA_Bata_de_Bano_129.jpg,24,False,
batas_de_bano-130,Bata de Baño,130,batas_de_bano/CITRIA_Bata_de_Bano_130.jpg,25,False,
batas_de_bano-131,Bata de Baño,131,batas_de_bano/CITRIA_Bata_de_Bano_131.jpg,25,False,
batas_de_bano-132,Bata de Baño,132,batas_de_bano/CITRIA_Bata_de_Bano_132.jpg,25,False,
batas_de_bano-133,Bata de Baño,133,batas_de_bano/CITRIA_Bata_de_Bano_133.jpg,25,False,
batas_de_bano-134,Bata de Baño,134,batas_de_bano/CITRIA_Bata_de_Bano_134.jpg,25,False,
batas_de_bano-135,Bata de Baño,135,batas_de_bano/CITRIA_Bata_de_Bano_135.jpg,25,False,
batas_de_bano-136,Bata de Baño,136,batas_de_bano/CITRIA_Bata_de_Bano_136.jpg,25,False,
batas_de_bano-137,Bata de Baño,137,batas_de_bano/CITRIA_Bata_de_Bano_137.jpg,25,False,
batas_de_bano-138,Bata de Baño,138,batas_de_bano/CITRIA_Bata_de_Bano_138.jpg,25,False,
batas_de_bano-139,Bata de Baño,139,batas_de_bano/CITRIA_Bata_de_Bano_139.jpg,25,False,
batas_de_bano-140,Bata de Baño,140,batas_de_bano/CITRIA_Bata_de_Bano_140.jpg,25,False,
batas_de_bano-141,Bata de Baño,141,batas_de_bano/CITRIA_Bata_de_Bano_141.jpg,26,False,
batas_de_bano-142,Bata de Baño,142,batas_de_bano/CITRIA_Bata_de_Bano_142.jpg,26,False,
batas_de_bano-143,Bata de Baño,143,batas_de_bano/CITRIA_Bata_de_Bano_143.jpg,26,False,
batas_de_bano-146,Bata de Baño,146,batas_de_bano/CITRIA_Bata_de_Bano_146.jpg,26,False,
batas_de_bano-148,Bata de Baño,148,batas_de_bano/CITRIA_Bata_de_Bano_148.jpg,26,False,
batas_de_bano-145,Bata de Baño,145,batas_de_bano/CITRIA_Bata_de_Bano_145.jpg,26,False,
batas_de_bano-144,Bata de Baño,144,batas_de_bano/CITRIA_Bata_de_Bano_144.jpg,26,False,
batas_de_bano-147,Bata de Baño,147,batas_de_bano/CITRIA_Bata_de_Bano_147.jpg,26,False,
otros_modelos_citria-149,Otros Modelos CITRIA,149,otros_modelos_citria/CITRIA_Otros_Modelos_CITRIA_149.jpg,27,False,
otros_modelos_citria-150,Otros Modelos CITRIA,150,otros_modelos_citria/CITRIA_Otros_Modelos_CITRIA_150.jpg,27,False,
otros_modelos_citria-151,Otros Modelos CITRIA,151,otros_modelos_citria/CITRIA_Otros_Modelos_CITRIA_151.jpg,27,False,
otros_modelos_citria-152,Otros Modelos CITRIA,152,otros_modelos_citria/CITRIA_Otros_Modelos_CITRIA_152.jpg,27,False,
otros_modelos_citria-153,Otros Modelos CITRIA,153,otros_modelos_citria/CITRIA_Otros_Modelos_CITRIA_153.jpg,27,False,
otros_modelos_citria-154,Otros Modelos CITRIA,154,otros_modelos_citria/CITRIA_Otros_Modelos_CITRIA_154.jpg,27,False,
otros_modelos_citria-155,Otros Modelos CITRIA,155,otros_modelos_citria/CITRIA_Otros_Modelos_CITRIA_155.jpg,28,False,
otros_modelos_citria-156,Otros Modelos CITRIA,156,otros_modelos_citria/CITRIA_Otros_Modelos_CITRIA_156.jpg,28,False,
otros_modelos_citria-157,Otros Modelos CITRIA,157,otros_modelos_citria/CITRIA_Otros_Modelos_CITRIA_157.jpg,28,False,
otros_modelos_citria-159,Otros Modelos CITRIA,159,otros_modelos_citria/CITRIA_Otros_Modelos_CITRIA_159.jpg,28,False,
otros_modelos_citria-161,Otros Modelos CITRIA,161,otros_modelos_citria/CITRIA_Otros_Modelos_CITRIA_161.jpg,28,False,
otros_modelos_citria-162,Otros Modelos CITRIA,162,otros_modelos_citria/CITRIA_Otros_Modelos_CITRIA_162.jpg,28,False,
otros_modelos_citria-160,Otros Modelos CITRIA,160,otros_modelos_citria/CITRIA_Otros_Modelos_CITRIA_160.jpg,28,False,
otros_modelos_citria-158,Otros Modelos CITRIA,158,otros_modelos_citria/CITRIA_Otros_Modelos_CITRIA_158.jpg,28,False,
otros_modelos_citria-163,Otros Modelos CITRIA,163,otros_modelos_citria/CITRIA_Otros_Modelos_CITRIA_163.jpg,29,False,
otros_modelos_citria-164,Otros Modelos CITRIA,164,otros_modelos_citria/CITRIA_Otros_Modelos_CITRIA_164.jpg,29,False,
otros_modelos_citria-165,Otros Modelos CITRIA,165,otros_modelos_citria/CITRIA_Otros_Modelos_CITRIA_165.jpg,29,False,
bucket_hats-166,Bucket Hat,166,bucket_hats/CITRIA_Bucket_Hat_166.jpg,30,False,
bucket_hats-167,Bucket Hat,167,bucket_hats/CITRIA_Bucket_Hat_167.jpg,30,False,
bucket_hats-168,Bucket Hat,168,bucket_hats/CITRIA_Bucket_Hat_168.jpg,30,False,
bucket_hats-170,Bucket Hat,170,bucket_hats/CITRIA_Bucket_Hat_170.jpg,30,False,
bucket_hats-172,Bucket Hat,172,bucket_hats/CITRIA_Bucket_Hat_172.jpg,30,False,
bucket_hats-169,Bucket Hat,169,bucket_hats/CITRIA_Bucket_Hat_169.jpg,30,False,
bucket_hats-171,Bucket Hat,171,bucket_hats/CITRIA_Bucket_Hat_171.jpg,30,False,
bucket_hats-173,Bucket Hat,173,bucket_hats/CITRIA_Bucket_Hat_173.jpg,30,False,
bucket_hats-174,Bucket Hat,174,bucket_hats/CITRIA_Bucket_Hat_174.jpg,31,False,
bucket_hats-176,Bucket Hat,176,bucket_hats/CITRIA_Bucket_Hat_176.jpg,31,False,
bucket_hats-178,Bucket Hat,178,bucket_hats/CITRIA_Bucket_Hat_178.jpg,31,False,
bucket_hats-179,Bucket Hat,179,bucket_hats/CITRIA_Bucket_Hat_179.jpg,31,False,
bucket_hats-177,Bucket Hat,177,bucket_hats/CITRIA_Bucket_Hat_177.jpg,31,False,
bucket_hats-175,Bucket Hat,175,bucket_hats/CITRIA_Bucket_Hat_175.jpg,31,False,
pareo-handmade-personalizado,Pareo Handmade,,pareo_handmade/CITRIA_Pareo_Handmade_Personalizado.jpg,13,False,El catálogo lo presenta como color y diseño personalizado.
franela-custom-01,Franela Custom,01,franelas_custom/CITRIA_Franela_Custom_01.jpg,32,False,Modelo sin código visible en el catálogo; numerado secuencialmente para integración web.
franela-custom-02,Franela Custom,02,franelas_custom/CITRIA_Franela_Custom_02.jpg,32,False,Modelo sin código visible en el catálogo; numerado secuencialmente para integración web.
franela-custom-03,Franela Custom,03,franelas_custom/CITRIA_Franela_Custom_03.jpg,32,False,Modelo sin código visible en el catálogo; numerado secuencialmente para integración web.
franela-custom-04,Franela Custom,04,franelas_custom/CITRIA_Franela_Custom_04.jpg,32,False,Modelo sin código visible en el catálogo; numerado secuencialmente para integración web.
franela-custom-05,Franela Custom,05,franelas_custom/CITRIA_Franela_Custom_05.jpg,32,False,Modelo sin código visible en el catálogo; numerado secuencialmente para integración web.
franela-custom-06,Franela Custom,06,franelas_custom/CITRIA_Franela_Custom_06.jpg,32,False,Modelo sin código visible en el catálogo; numerado secuencialmente para integración web.
franela-custom-07,Franela Custom,07,franelas_custom/CITRIA_Franela_Custom_07.jpg,32,False,Modelo sin código visible en el catálogo; numerado secuencialmente para integración web.
franela-custom-08,Franela Custom,08,franelas_custom/CITRIA_Franela_Custom_08.jpg,32,False,Modelo sin código visible en el catálogo; numerado secuencialmente para integración web.
franela-custom-09,Franela Custom,09,franelas_custom/CITRIA_Franela_Custom_09.jpg,33,False,Modelo sin código visible en el catálogo; numerado secuencialmente para integración web.
franela-custom-10,Franela Custom,10,franelas_custom/CITRIA_Franela_Custom_10.jpg,33,False,Modelo sin código visible en el catálogo; numerado secuencialmente para integración web.
franela-custom-11,Franela Custom,11,franelas_custom/CITRIA_Franela_Custom_11.jpg,33,False,Modelo sin código visible en el catálogo; numerado secuencialmente para integración web.
franela-custom-12,Franela Custom,12,franelas_custom/CITRIA_Franela_Custom_12.jpg,33,False,Modelo sin código visible en el catálogo; numerado secuencialmente para integración web.
franela-custom-13,Franela Custom,13,franelas_custom/CITRIA_Franela_Custom_13.jpg,33,False,Modelo sin código visible en el catálogo; numerado secuencialmente para integración web.
franela-custom-14,Franela Custom,14,franelas_custom/CITRIA_Franela_Custom_14.jpg,33,False,Modelo sin código visible en el catálogo; numerado secuencialmente para integración web.
franela-custom-15,Franela Custom,15,franelas_custom/CITRIA_Franela_Custom_15.jpg,33,False,Modelo sin código visible en el catálogo; numerado secuencialmente para integración web.
franela-custom-16,Franela Custom,16,franelas_custom/CITRIA_Franela_Custom_16.jpg,33,False,Modelo sin código visible en el catálogo; numerado secuencialmente para integración web.
franela-custom-17,Franela Custom,17,franelas_custom/CITRIA_Franela_Custom_17.jpg,33,False,Modelo sin código visible en el catálogo; numerado secuencialmente para integración web.
franela-custom-18,Franela Custom,18,franelas_custom/CITRIA_Franela_Custom_18.jpg,33,False,Modelo sin código visible en el catálogo; numerado secuencialmente para integración web.
franela-custom-19,Franela Custom,19,franelas_custom/CITRIA_Franela_Custom_19.jpg,34,False,Modelo sin código visible en el catálogo; numerado secuencialmente para integración web.
franela-custom-20,Franela Custom,20,franelas_custom/CITRIA_Franela_Custom_20.jpg,34,False,Modelo sin código visible en el catálogo; numerado secuencialmente para integración web.
franela-custom-21,Franela Custom,21,franelas_custom/CITRIA_Franela_Custom_21.jpg,34,False,Modelo sin código visible en el catálogo; numerado secuencialmente para integración web.
franela-custom-22,Franela Custom,22,franelas_custom/CITRIA_Franela_Custom_22.jpg,34,False,Modelo sin código visible en el catálogo; numerado secuencialmente para integración web.
franela-custom-23,Franela Custom,23,franelas_custom/CITRIA_Franela_Custom_23.jpg,34,False,Modelo sin código visible en el catálogo; numerado secuencialmente para integración web.
franela-custom-24,Franela Custom,24,franelas_custom/CITRIA_Franela_Custom_24.jpg,34,False,Modelo sin código visible en el catálogo; numerado secuencialmente para integración web.
franela-custom-25,Franela Custom,25,franelas_custom/CITRIA_Franela_Custom_25.jpg,34,False,Modelo sin código visible en el catálogo; numerado secuencialmente para integración web.
franela-custom-26,Franela Custom,26,franelas_custom/CITRIA_Franela_Custom_26.jpg,34,False,Modelo sin código visible en el catálogo; numerado secuencialmente para integración web.
franela-custom-27,Franela Custom,27,franelas_custom/CITRIA_Franela_Custom_27.jpg,34,False,Modelo sin código visible en el catálogo; numerado secuencialmente para integración web.
franela-custom-28,Franela Custom,28,franelas_custom/CITRIA_Franela_Custom_28.jpg,34,False,Modelo sin código visible en el catálogo; numerado secuencialmente para integración web.
franela-custom-29,Franela Custom,29,franelas_custom/CITRIA_Franela_Custom_29.jpg,35,False,Modelo sin código visible en el catálogo; numerado secuencialmente para integración web.
franela-custom-30,Franela Custom,30,franelas_custom/CITRIA_Franela_Custom_30.jpg,35,False,Modelo sin código visible en el catálogo; numerado secuencialmente para integración web.
franela-custom-31,Franela Custom,31,franelas_custom/CITRIA_Franela_Custom_31.jpg,35,False,Modelo sin código visible en el catálogo; numerado secuencialmente para integración web.
franela-custom-32,Franela Custom,32,franelas_custom/CITRIA_Franela_Custom_32.jpg,35,False,Modelo sin código visible en el catálogo; numerado secuencialmente para integración web.
